id,word,definition,tags
1,handtakes,Ta hverandre i hendene (som hilsen eller til stadfesting av en avtale),obskur;bm;verb
2,papillom,"Godartet, vortelignende svulst i hud eller på slimhinne",obskur;bm;subst
3,iskrave,Små isdannelser i vannskorpe når den fryser,obskur;bm;subst
4,kuplet,Som har form som en kuppel eller halvkule,obskur;bm;adj
5,sportel,Om eldre forhold: avgift til statskassa eller en tjenestemann for visse offentlige forretninger,obskur;bm;subst
6,vinnskipelig,"Foretaksom, driftig, flittig",obskur;bm;adj
7,vaniljerot,Gulhvit skogplante uten klorofyll,obskur;bm;subst
8,bakhodeben,Bakre bein i hjerneskalle,obskur;bm;subst
9,vaflete,"Sydd, strikket i vaffelmønster",obskur;bm;adj
10,laksesild,Liten søvblank dypvannsfisk med lysorgan på buken,obskur;bm;subst
11,assortere,"Forsyne med varer i høvelig utvalg, særlig i perfektum partisipp",obskur;bm;verb
12,grasgrodd,Som er tilvokst med gress,obskur;bm;adj
13,nitrere,Herde stål med ammoniakkgass,obskur;bm;verb
14,bogebro,Bru der én eller flere buer er del av konstruksjonen i bæresystemet,obskur;bm;subst
15,epigrafikk,Vitenskap om tolking av gamle innskrifter,obskur;bm;subst
16,kutikula,I zoologi: vernende lag som dekker kroppen til virvelløse dyr,obskur;bm;subst
17,papist,Brukt nedsettende for katolikk,obskur;bm;subst
18,efemeride,Astronomisk tabell over himmellegemenes posisjon,obskur;bm;subst
19,uteganger,"Dyr som går ute, ofte hele året",obskur;bm;subst
20,skylddaler,Om eldre forhold: enhet brukt i matrikkel fra 1838 som mål for å fastsette en jordeiendoms skatteevne,obskur;bm;subst
21,labialisere,Uttale en språklyd ved å runde leppene,obskur;bm;verb
22,coulomb,Enhet for elektrisk ladning målt i ampere/sekund,obskur;bm;subst
23,brottfasthet,Største mekaniske påkjenning et materiale tåler før det brister,obskur;bm;subst
24,persiflasj,Bitende spott eller ironi,obskur;bm;subst
25,utause,Gi heftig uttrykk for,obskur;bm;verb
26,svinebeist,"Hensynsløs, sjofel person",obskur;bm;subst
27,minbar,Prekestol i en moské,obskur;bm;subst
28,typifisere,Framstille noe eller noen som en bestemt type,obskur;bm;verb
29,evadrakt,Om kvinne: naken tilstand,obskur;bm;subst
30,skjeggkre,"Sølvblankt insekt med lange antenner, tre lange haletråder og hårlag",obskur;bm;subst
31,utabysbuende,Som bor utenfor eller i området omkring byen,obskur;bm;adj
32,kromatofor,I botanikk og zoologi: celle(del) som inneholder pigment,obskur;bm;subst
33,lansett,"Tynn, tveegget kniv brukt til små operasjoner",obskur;bm;subst
34,bakfjel,"Bakerste fjøl i karm på en båt, kjerre eller lignende",obskur;bm;subst
35,fremstavn,Forreste del av et fartøy,obskur;bm;subst
36,troke,I germanskspråklig diktning: versefot som består av én trykksterk og én trykksvak stavelse,obskur;bm;subst
37,residivist,"Person (alkoholiker, forbryter) som får tilbakefall",obskur;bm;subst
38,longere,Mosjonere eller dressere en hest ved å la den løpe i ring i en lang line,obskur;bm;verb
39,wagneritt,"Sjeldent, krystalliserende mineral",obskur;bm;subst
40,obskurantisk,Som er imot opplysning og tankefrihet,obskur;bm;adj
41,skandere,Lese vers med sterk markering av rytmen,obskur;bm;verb
42,kordel,Tått av flere kabelgarn som er tvunnet sammen,obskur;bm;subst
43,attributiv,"I språkvitenskap, om adjektiv: som er direkte knyttet til et substantiv",obskur;bm;adj
44,takkam,List som markerer og framhever møtet mellom to takflater,obskur;bm;subst
45,veitistel,"Toårig ugress med grov stengel, mange grener og blad med lange kvasse torner, Cirsium vulgare",obskur;bm;subst
46,kvestur,Eldre betegnelse for økonomiavdeling ved et universitet,obskur;bm;subst
47,driftekar,"Omreisende forhandler av fe, hest eller lignende",obskur;bm;subst
48,stigme,"Sårmerke, særlig brukt om Kristi sårmerker",obskur;bm;subst
49,skurhare,Om eldre forhold: kornband av siste kornet på åkeren som husdyra fikk til jul,obskur;bm;subst
50,pulsvante,Plagg som dekker håndleddet,obskur;bm;subst
52,underlivsben,Knokkel i bekkenet like over kjønnsorganet,obskur;bm;subst
53,beitski,Loddrett trestykke innfelt i lafteveggen ved vindus- eller døråpningen,obskur;bm;subst
54,bumann,Eldre betegnelse for fastboende person,obskur;bm;subst
55,junonisk,Med svulmende former,obskur;bm;adj
56,justifikasjon,Bekreftelse i rettslige former,obskur;bm;subst
57,eukaristi,I den romersk-katolske kirke: takkebønn før nattverden,obskur;bm;subst
58,forgremt,"Preget av sorg, lidelse eller bekymring",obskur;bm;adj
60,saiga,Klovdyr i oksefamilie med karakteristisk snabellignende nese og neserygg,obskur;bm;subst
61,komparabel,Som kan sammenlignes,obskur;bm;adj
62,jevnspelt,"Om deltagere i konkurranse, kamp eller lignende: som står likt eller er like gode",obskur;bm;adj
63,angakok,Inuittisk medisinmann,obskur;bm;subst
64,bramsegl,Råseil som heises over mersseil,obskur;bm;subst
65,oransjeri,"Veksthus for trær og busker, særlig av slekta Citrus, som ikke tåler overvintring på friland",obskur;bm;subst
66,spatium,"Mellomrom, særlig mellom typer, ord eller linjer i en trykksats",obskur;bm;subst
67,slingrebrett,Kant rundt spisebord om bord i fartøy for å hindre at ting faller ned under sjøgang,obskur;bm;subst
68,aksgras,Gress med småaks samlet i et sammensatt aks,obskur;bm;subst
69,trikin,Rundorm i tarm og kjøtt hos mange pattedyr,obskur;bm;subst
70,hereditet,Det at (biologiske) egenskaper er arvelig,obskur;bm;subst
71,ordhitten,Flink til å finne de rette ordene,obskur;bm;adj
73,panegyriker,Person som forfatter eller framfører lovtaler,obskur;bm;subst
74,baluster,Vertikal stolpe i rekkverk med utbuet form,obskur;bm;subst
75,uniformisme,Det å prøve å ensrette,obskur;bm;subst
76,galfrans,"Lystig person, galning",obskur;bm;subst
77,edelkastanje,Stort tre med spiselige nøtter,obskur;bm;subst
78,skjerding,Lang jernkrok med skar i til å henge kjeler og gryter på over ildsted,obskur;bm;subst
79,kabylsk,Språk hovedsakelig brukt i Algerie,obskur;bm;subst
80,sjogse,"Om orrhane: lage en susende, hvesende lyd under spillet i paringstida",obskur;bm;verb
81,kleime,"Klister, plantelim, gluten",obskur;bm;subst
82,annal,Skrift fra eldre tider med opptegnelser av samtidige hendinger fra år til år,obskur;bm;subst
83,mandant,Person som en annen handler på vegne av,obskur;bm;subst
84,iterativ,Om verbalform (særlig i slaviske språk): som uttrykker at en handling stadig blir gjentatt,obskur;bm;adj
85,aspiratorisk,I språkvitenskap: uttalt med pustelyd,obskur;bm;adj
86,edafisk,"Som gjelder fysiske, kjemiske eller biologiske forhold i jordbunnen",obskur;bm;adj
87,handgi,Gi forrett til kjøp i et visst tidsrom,obskur;bm;verb
88,nitte,"Gjøre butt, runde av",obskur;bm;verb
89,mnemoteknikk,Metode til å styrke hukommelsen,obskur;bm;subst
90,pandsjabi,Indoarisk språk hovedsakelig brukt i India og Pakistan,obskur;bm;subst
91,lusegress,"Grov, gaffelgrenet plante i kråkefotfamilie",obskur;bm;subst
92,inflammere,I medisin: gjøre betent,obskur;bm;verb
93,vadre,Drive planløst omkring,obskur;bm;verb
95,havengel,Hai som ligner skate og som kan bli opptil 2 meter lang,obskur;bm;subst
96,maveport,Overgang mellom magesekken og tolvfingertarm,obskur;bm;subst
97,joruba,"Vestafrikansk språk hovedsakelig brukt i Nigeria, Benin og Togo",obskur;bm;subst
98,panhellenisme,Politisk bevegelse på begynnelsen av 1900-tallet som prøvde å samle alle grekere i én nasjon,obskur;bm;subst
99,kredittkasse,Eldre betegnelse for forretningsbank,obskur;bm;subst
100,synergisme,I teologi: lære om at frelsen er et resultat av samvirke mellom Gud og mennesket,obskur;bm;subst
101,inaugurasjon,Høytidelig innvielse eller innsetting,obskur;bm;subst
102,reorganisasjon,"Omordning, gjenoppretting",obskur;bm;subst
103,kortblanding,Det å ikke (greie å) skille mellom ulike saker og interesser,obskur;bm;subst
104,hovmesterere,Opptre overlegent belærende overfor noen,obskur;bm;verb
105,mollusk,"I medisin, i flertall: små knuter i huden på grunn av virussmitte",obskur;bm;subst
106,bikte,Bekjenne sine synder,obskur;bm;verb
107,klyset,"Om person: ekkel, hoven",obskur;bm;adj
108,femtidel,Hver av 50 like deler,obskur;bm;subst
109,kikne,"Miste pusten under latter, gråt eller hoste",obskur;bm;verb
110,butare,"Brunalge som tidligere var vanlig som husdyrfor, og som også kan brukes som menneskeføde",obskur;bm;subst
111,typologisere,Foreta en vitenskapelig inndeling i typer,obskur;bm;verb
112,sjartre,"Leie (skip, fly, buss eller lignende) til frakt eller reise",obskur;bm;verb
113,usurpere,Rane til seg makt eller rettigheter,obskur;bm;verb
114,urete,Om terreng: med ur eller mye stein,obskur;bm;adj
115,hamse,Skille frø fra skolm og blomsterdeler hos kløverplante,obskur;bm;verb
116,bombasin,Glatt vevd stoff av ull eller silke,obskur;bm;subst
117,labial,Om språklyd: som blir uttalt med leppene,obskur;bm;adj
118,polygyni,Ekteskap mellom én mann og flere kvinner,obskur;bm;subst
119,konduktivitet,Ledningsevne per flate- og lengdeenhet,obskur;bm;subst
120,kegel,"I typografi: betegnelse på høyden av bokstavtyper, målt i punkt",obskur;bm;subst
121,vigil,"Våken, årvåken, vaktsom",obskur;bm;adj
122,galon,"Pyntesnor, for eksempel på uniform for å angi graden",obskur;bm;subst
123,krase,Slå eller klemme noe i stykker,obskur;bm;verb
124,turkotatarisk,"Tyrkisk, særlig i sørlige deler av det tidligere Sovjetunionen",obskur;bm;subst
125,karimesse,"Minnedag for den hellige Katarina av Alexandria, 25. november",obskur;bm;subst
126,bramstang,Øverste del av en fullrigget mast,obskur;bm;subst
127,kuband,Bånd til å binde ku med,obskur;bm;subst
128,turve,"Behøve, trenge, være nødt til",obskur;bm;verb
129,protolytt,I kjemi: fellesbetegnelse på syrer og baser,obskur;bm;subst
130,vivipar,I zoologi: som føder levende unger,obskur;bm;adj
131,yttrium,"Sølvhvitt, metallisk grunnstoff med atomnummer 39",obskur;bm;subst
132,slisk,Hengende hylle på skipsside til å kaste fisk på,obskur;bm;subst
133,teleologi,"Lære som går ut på at alt som er og skjer, er bestemt på forhånd og har en bestemt hensikt",obskur;bm;subst
134,evaporator,Apparat brukt til å framstille ferskvann ved å fordampe sjøvann,obskur;bm;subst
135,kjoks,Del av en boremaskin eller dreiebenk der en spenner fast boret eller arbeidsstykket,obskur;bm;subst
136,allemannsvenn,"Populær, omgjengelig person",obskur;bm;subst
137,assembler,I IT: program som oversetter programmeringsspråk til maskinkode,obskur;bm;subst
138,panase,Medisin mot alle sykdommer,obskur;bm;subst
139,panasjert,Forsynt med fjærbusk,obskur;bm;adj
140,tettegras,"Klebrig, insektetende plante med fiolettblå blomst",obskur;bm;subst
141,karbontid,I bestemt form entall: geologisk periode mellom devon og perm,obskur;bm;subst
142,sifong,Flaske for musserende drikker med tappekran der væsken drives ut av trykket fra karbondioksidet,obskur;bm;subst
143,nektarium,Honningkjertel hos blomster,obskur;bm;subst
144,deviere,Vike av fra kursen eller retningen,obskur;bm;verb
145,missale,Romersk-katolsk liturgisk håndbok,obskur;bm;subst
146,svineblom,Plante i slekta Senecio med gule kurv,obskur;bm;subst
147,sveisejern,Svært bløtt stål framstilt i deigaktig tilstand,obskur;bm;subst
148,elementanalyse,Spalting av organiske stoffer for å bestemme mengden av de grunnstoffene som inngår i dem,obskur;bm;subst
149,slengeskott,Tilfeldig skudd avfyrt på måfå,obskur;bm;subst
150,kation,Positivt ladet ion som under elektrolyse går til katode,obskur;bm;subst
151,skeilag,"Sterk, bevegelig ramme i vevstol som brukes til å slå veften fast i renningen",obskur;bm;subst
152,vindebru,"Bru som kan heises opp og ned, særlig over vollgrav",obskur;bm;subst
153,volumetri,Det å måle rominnhold,obskur;bm;subst
154,bommesi,Bomullsstoff som er loddent på den ene siden,obskur;bm;subst
155,stimann,Om eldre forhold: landeveisrøver,obskur;bm;subst
156,halofytt,Plante som lever i saltvann eller på saltholdig mark,obskur;bm;subst
157,berrsynt,"Lett å se, tydelig, klar",obskur;bm;adj
158,bentfram,Om person: som går rett på sak,obskur;bm;adj
159,tvare,Kjøkkenredskap til å røre og stampe med,obskur;bm;subst
160,einstape,"Bregne med krypende rotstokk og langstilkete, finnete blad",obskur;bm;subst
161,anebilde,Portrett av formor eller forfar,obskur;bm;subst
162,determinant,Algebraisk uttrykk som kan løse et ligningssystem,obskur;bm;subst
163,biotype,Gruppe individer med like arveegenskap,obskur;bm;subst
164,glykosid,Kjemisk forbindelse av et karbohydrat og et annet stoff,obskur;bm;subst
165,fermentere,Gjære eller få til å gjære,obskur;bm;verb
166,krugg,Øverste del av ryggen,obskur;bm;subst
167,grautdag,Dag da en spiser grøt,obskur;bm;subst
168,handgangen,Som er en pålitelig og trofast tilhenger eller medarbeider,obskur;bm;adj
169,predisponere,På forhånd gjøre mottakelig eller anlagt for,obskur;bm;verb
170,papirkorg,I IT: digital mappe eller katalog hvor en legger filer som kan slettes,obskur;bm;subst
171,avlsproduktiv,Som får tallrikt avkom,obskur;bm;adj
172,transferere,"Frakte reisende fra ett sted til et annet, for eksempel fra flyplass til hotell",obskur;bm;verb
173,skamfiling,"Det å gnage eller gni i stykker, særlig seil eller rigg under seilas",obskur;bm;subst
174,fylogenese,Lære om en arts eller slekts utvikling gjennom tidene,obskur;bm;subst
175,semaforere,Signalisere ved hjelp av armer eller små flagg,obskur;bm;verb
176,movere,(få til å) bevege på seg,obskur;bm;verb
177,notabel,Som står høyt i rang,obskur;bm;adj
178,korion,Ytterste hinne av fosterhinnene,obskur;bm;subst
179,istervom,Nedsettende: svært tykk mann,obskur;bm;subst
180,kopperglans,Metallisk mineral som inneholder 80 prosent kobber,obskur;bm;subst
181,uinnvigd,Som er uvitende om (noe som er kjent bare i visse kretser),obskur;bm;adj
182,ohmmeter,Måleinstrument for elektrisk motstand,obskur;bm;subst
183,kolokvint,Urt i gresskarfamilien med bitter frukt på størrelse med appelsiner,obskur;bm;subst
184,krysolitt,"Gjennomsiktig, lys gulgrønn eller grønn varietet av olivin brukt som smykkestein",obskur;bm;subst
185,heitvin,Eldre betegnelse for sterkvin,obskur;bm;subst
186,klerus,"Prestestand, de geistlige",obskur;bm;subst
187,utkroting,Pryd av malte figurer,obskur;bm;subst
188,innstev,Omkved som står inne i en folkevisestrofe,obskur;bm;subst
189,jelke,Kastrere (særlig hest),obskur;bm;verb
190,vakuole,Hulrom i en celle fylt med cellesaft,obskur;bm;subst
191,regneverk,Samordnet serie av lærebøker i matematikk,obskur;bm;subst
192,glykolyse,"Prosess med nedbryting av glukose i cellene, der det samtidig frigjøres energi",obskur;bm;subst
193,tonika,Grunntone i en toneart,obskur;bm;subst
195,dialektisering,Det at skrifttradisjonen i et språk blir brutt slik at språket mister sin status som nasjonalspråk,obskur;bm;subst
196,unnsleppe,Slippe unna oppmerksomhet,obskur;bm;verb
197,bilingv,Som foregår på to språk,obskur;bm;adj
198,radikand,I matematikk: tall under et rottegn,obskur;bm;subst
199,halvsnylter,Ugress som tar næring dels fra jorda og lufta og dels fra den planten den lever på,obskur;bm;subst
200,eloge,Lovtale (især over en avdød),obskur;bm;subst
201,sefyr,"Mild, svalende vestavind",obskur;bm;subst
202,skurlag,Sammenslutning av skogeiere som tar seg av skjæring og foredling av tømmer,obskur;bm;subst
204,avherde,Bløtgjøre hardt vann ved å fjerne innholdet av kalsium- og magnesiumioner i det,obskur;bm;verb
205,markskriker,Person som driver overdrevet og smakløs reklame,obskur;bm;subst
206,boltit,Fjellfugl på størrelse med en trost,obskur;bm;subst
207,dvergmispel,Busk i rosefamilie med små lyserøde blomster,obskur;bm;subst
208,okarina,Eggformet blåseinstrument av leire eller porselen,obskur;bm;subst
209,aminogruppe,"Større organisk byggestein, for eksempel i protein",obskur;bm;subst
210,alemannisk,Fellesbetegnelse på visse sørtyske dialekter,obskur;bm;subst
211,skurdonn,Onn da kornet skjæres,obskur;bm;subst
212,dobbeltbotnet,Som kan tolkes på to måter,obskur;bm;adj
213,hovskjegg,Hårdusk ovenfor hov på hest,obskur;bm;subst
215,damejeanne,"Glassballong i kurv til vin, syrer og lignende",obskur;bm;subst
217,voltampere,Målenhet for tilsyneslatende effekt av strøm og spenning,obskur;bm;subst
218,fallesyk,Foreldet betegnelse for epileptisk,obskur;bm;adj
219,vringle,Være vrang og vrien i ord,obskur;bm;verb
220,bikonkav,Om linse: som er innhul på begge sider,obskur;bm;adj
221,innflying,Det å fly inn og ned mot en flyplass for å lande,obskur;bm;subst
222,sjaslik,Kjøtt- og grønnsakrett trædd på spidd og stekt over åpen varme,obskur;bm;subst
223,vevbom,Hver av bom i en vevstol,obskur;bm;subst
224,kupolovn,Ovn brukt til å smelte råmatriale om til støpejern,obskur;bm;subst
225,trunkere,Erstatte en del eller deler av en søkestreng med et jokertegn,obskur;bm;verb
226,blasonere,Beskrive våpenskjold,obskur;bm;verb
227,similor,Messing som ligner gull og har et høyt innhold av kobber,obskur;bm;subst
228,losholt,Tverrstokk i vindu med mer enn én ramme i høyden,obskur;bm;subst
229,neptunium,Kunstig framstilt radioaktivt grunnstoff med atomnummer 93,obskur;bm;subst
230,hovben,Ytterste bein  i en hov,obskur;bm;subst
231,heliotropisme,Vekstbevegelse hos planter som er framkalt av sollyset,obskur;bm;subst
232,parenkym,"Hos planter: vev av levende, myke celler, for eksempel i stengler og blader",obskur;bm;subst
233,alveolar,I språkvitenskap: konsonant som blir artikulert med fremste del av tunga mot gomme,obskur;bm;subst
234,kabaretfat,"Oppdelt fat til servering av småretter, pålegg eller lignende",obskur;bm;subst
235,utspiling,Det å strekke stramt ut,obskur;bm;subst
236,dravat,Nå sjelden: kastevind,obskur;bm;subst
237,nauild,Ild som oppstår ved at tørre trestykker eller lignende gnis mot hverandre,obskur;bm;subst
238,malje,På en hekte eller spenne: ring eller bøyle til å huke hektekroken inn på,obskur;bm;subst
239,organsin,"Garn av råsilke der flere tråder er tvinnet i motsatt retning, brukt til varp i fine silkestoffer",obskur;bm;subst
240,sellulose,Organisk stoff som er en hovedbestanddel i plantenes cellevegger,obskur;bm;subst
241,praseodym,Treverdig metallisk grunnstoff med atomnummer 59,obskur;bm;subst
242,signatar,"Person som skriver under på dokument, avtale eller lignende",obskur;bm;subst
243,kontrabok,Eldre betegnelse for bankbok,obskur;bm;subst
244,seismisitet,Hyppighet og styrke på jordskjelv,obskur;bm;subst
245,strante,Stå spisst opp i været,obskur;bm;verb
246,kolumnetittel,Overskrift over side eller spalte,obskur;bm;subst
247,polyglott,Som taler flere språk,obskur;bm;adj
248,synkverving,"Synsbedrag, hallusinasjon",obskur;bm;subst
249,pailabb,Spøkefull betegnelse for stor fot,obskur;bm;subst
250,voffe,"Særlig i barnespråk: (små)gjø, bjeffe",obskur;bm;verb
252,inndraing,Det å kalle inn og kjenne ugyldig,obskur;bm;subst
253,mannaask,Ask i oljetrefamilie,obskur;bm;subst
254,adalhending,I norrøn metrikk: helrim i en verselinje,obskur;bm;subst
255,retorsjon,"I jus: gjengjeld, mottiltak",obskur;bm;subst
256,usammensatt,Som består av én del eller enhet,obskur;bm;adj
257,koteri,Nå sjelden: klikk som holder andre ute,obskur;bm;subst
258,resultant,I fysikk: kraft som framkommer av flere samvirkende krefter på et legeme,obskur;bm;subst
259,ugrer,Person som snakker et av de ugrisk språkene,obskur;bm;subst
260,komparere,I grammatikk: gradbøye adjektiv og adverb,obskur;bm;verb
261,ifelling,Noe som er innfelt i noe,obskur;bm;subst
264,skamhugge,Skade ved overdreven hogst,obskur;bm;verb
265,hypernorvagisme,Feil språkform skapt ved at en har prøvd å gi den en norsk form,obskur;bm;subst
266,karminsyre,Rødt fargestoff i kochenille,obskur;bm;subst
267,honningdogg,Søt væske som bladlus og andre plantesugere skiller ut på løvtreblad og barnåler,obskur;bm;subst
268,mokett,Mønstret fløyelslignende møbel- eller teppestoff,obskur;bm;subst
269,vestgotisk,Utdødd germansk språk som er kjent fra Wulfilas bibeloversettelse fra 300-tallet,obskur;bm;subst
270,subalpin,Som grenser opp til høyfjell,obskur;bm;adj
271,usyrt,Om bakverk: som er laget uten gjær eller surdeig,obskur;bm;adj
272,fetved,Ved med mye kvae eller tjære,obskur;bm;subst
273,bumse,Falle eller slippe seg ned med dump lyd,obskur;bm;verb
274,sumpfeber,Eldre betegnelse for malaria,obskur;bm;subst
275,veile,"Sprekk, brist (i metall)",obskur;bm;subst
276,deklinere,"Bøye substantiv, adjektiv, determinativ og pronomen i kjønn, tall, bestemthet og kasus",obskur;bm;verb
277,kultdyr,Dyr som er en del av en religiøs dyrkelse,obskur;bm;subst
278,usvekt,"Like sterk, stor eller god",obskur;bm;adj
279,alvskott,"Sykdom, særlig på dyr, som ifølge folketro kom av skudd fra overnaturlige alv eller vette",obskur;bm;subst
280,vanakt,Liten eller manglende respekt,obskur;bm;subst
281,inkoativ,Om verb: som betegner en begynnende handling eller en overgang til en tilstand,obskur;bm;adj
282,pitchpine,Harpiksholdig ved fra furuarter i det sørøstlige USA,obskur;bm;subst
283,adjutantur,Avdeling i høyere stab som blant annet steller med personalsaker,obskur;bm;subst
284,sambu,Det å bo sammen (uten å være gift),obskur;bm;subst
285,havvette,Overnaturlig vesen eller ånd som holder til på havet,obskur;bm;subst
286,praline,Fylt konfekt med sjokolade utenpå,obskur;bm;subst
287,kosmogonisk,Som gjelder verdens skapelse og senere utvikling,obskur;bm;adj
288,laryngoskop,Instrument med speil til å se ned i strupehode med,obskur;bm;subst
289,knurv,Liten knortete og puslete skapning eller ting,obskur;bm;subst
290,vantreven,"Misdannet, forkrøplet",obskur;bm;adj
291,ilikne,Regne ut og pålegge noen å betale skatt,obskur;bm;verb
292,kyberspace,"Virtuell rom, sfære der kommunikasjonen foregår digitalt",obskur;bm;subst
293,merssegl,Råseil på midtre del av masten på seilskip,obskur;bm;subst
294,thulium,Sølvhvitt metallisk grunnstoff med atomnummer 69,obskur;bm;subst
295,gelenk,Oppsvinget midtparti av en fot eller skosåle,obskur;bm;subst
296,inneragn,Høyblad rundt hver blomst i et småaks,obskur;bm;subst
297,manilahamp,(tau)fibrer av bladene på visse bananplanter,obskur;bm;subst
298,restant,Person som skylder penger eller er på etterskudd med betalingen,obskur;bm;subst
299,homografi,Sammenfall i skrivemåte,obskur;bm;subst
300,appretere,Etterbehandle stoff på ulike måter,obskur;bm;verb
301,skyfall,Blågrønnalge som danner slimete klumper i fuktig tilstand,obskur;bm;subst
302,skyfloke,Samling av tette skyer,obskur;bm;subst
303,hamingje,I norrøn folketro: kvinnelig verneånd som følger et menneske og bestemmer dets skjebne,obskur;bm;subst
304,propyleum,Praktport til tempel eller palass,obskur;bm;subst
305,pyknometer,Glasskar til å bestemme tettheten av væsker og pulverformede stoffer,obskur;bm;subst
306,backfisch,Sjelden: tenåringsjente,obskur;bm;subst
307,dodre,Plante av en av flere arter og slekter i korsblomstfamilie,obskur;bm;subst
308,polyeder,Geometrisk legeme begrenset av plane flater,obskur;bm;subst
309,brunstein,Mineral som (hovedsakelig) er bygd opp av et oksid fra mangan,obskur;bm;subst
310,leicestersau,Grovbygd sau med lang ull av en britisk rase,obskur;bm;subst
311,snarp,"Kvikk, rask (til å forstå noe)",obskur;bm;adj
312,metylen,Toverdig gruppe av atom med ett karbonatom og to hydrogenatomer som fins i en rekke organiske forbindelser,obskur;bm;subst
313,slittung,Medlem av en flokk med opprørere i Viken (1217–1219),obskur;bm;subst
314,bandsalat,Det at båndet på en kassett tyter ut slik at det er umulig å få det på plass igjen,obskur;bm;subst
315,grukk,Kort dikt med satirisk eller humoristisk innhold,obskur;bm;subst
316,pampusse,Bløt tøffel eller sokk,obskur;bm;subst
317,odometer,Apparat som måler distanse,obskur;bm;subst
318,saprofytt,Organisme som lever på råtnende eller døde rester av andre organismer,obskur;bm;subst
319,hospitalisere,Legge inn på sykehus,obskur;bm;verb
320,liktor,"Om eldre forhold: rettstjener, livvakt til en høy romersk embetsmann",obskur;bm;subst
322,bornitt,Mineral som er et sulfid av kobber og jern,obskur;bm;subst
323,dvergpinsjer,Miniatyrhund av tysk rase,obskur;bm;subst
324,advokatorisk,"Ensidig, spissfindig",obskur;bm;adj
325,cendre,Om hår: med farge som aske,obskur;bm;adj
326,anatem,"Forbannelse, bannlysing",obskur;bm;subst
327,allotropi,Det at et grunnstoff kan ha forskjellig krystallinske former i samme aggregattilstand,obskur;bm;subst
328,argot,Hemmelig forbryterspråk,obskur;bm;subst
329,dokkestell,Lite servise brukt til leketøy,obskur;bm;subst
330,lottkar,Mann som er med på fangst og har rett til en del av utbyttet,obskur;bm;subst
331,avtegn,Særlig om husdyr: flekk eller stripe som skiller seg ut fra grunnfargen,obskur;bm;subst
332,ausefat,Øse til å øse båt med,obskur;bm;subst
333,hidsjab,"Tørkle som muslimske kvinner dekker håret, halsen og skuldrene med",obskur;bm;subst
334,vendehammer,Plass i kjørebanen der en kan snu kjøretøy,obskur;bm;subst
335,lekbror,"Mann som er medlem av en munkeorden uten å være innviet, og som særlig gjør praktisk arbeid",obskur;bm;subst
336,optant,Innbygger i et avstått område som har valgt å beholde sitt opprinnelige statsborgerskap,obskur;bm;subst
337,vandrerheim,Rimelig overnattingssted for turister,obskur;bm;subst
338,numeral,Ord som uttrykker et tall,obskur;bm;subst
339,palpitasjon,I medisin: hjertebank,obskur;bm;subst
340,vanhjemmel,I jus: svikt i rettsgrunnlag,obskur;bm;subst
341,kragg,"Forvokst, krokete tre",obskur;bm;subst
342,nativitet,Stjernenes stilling ved et menneskes fødsel,obskur;bm;subst
343,krille,Eldre betegnelse for meslinger,obskur;bm;subst
344,finkefamilie,"I bestemt form entall: spurvefugl med kort, kraftig, kjegleformet nebb",obskur;bm;subst
345,leilighetstyv,Person som stjeler når en gunstig anledning byr seg,obskur;bm;subst
346,suksedere,"Avløse (i embete, på trone eller lignende)",obskur;bm;verb
347,kitsje,Språk hovedsakelig brukt i Guatemala,obskur;bm;subst
348,rundboge,Halvsirkelformet bue (i hvelv),obskur;bm;subst
349,kokarde,"Rundt merke eller rosett til hatt eller lue, ofte i nasjonalfarger",obskur;bm;subst
350,ekslibris,"Merke, gjerne kunstnerisk dekorert, en eier limer inn i bok for å vise at han eller hun eier den",obskur;bm;subst
352,forvede,Om plantevev: få vedstoff i celleveggene,obskur;bm;verb
353,timokrati,Styresett der borgernes formue avgjør hvilke retter og plikter de har,obskur;bm;subst
354,numismat,Kjenner eller samler av mynter,obskur;bm;subst
355,cirkumfleks,"Diakritisk tegn (^) som angir at en lyd er falt bort, for eksempel i fôr, for eldre foder",obskur;bm;subst
356,artsren,Uten innblanding av andre arter,obskur;bm;adj
357,innabys,Som hører til eller gjelder en bestemt by,obskur;bm;adj
358,dorer,Person av en gammelgresk stamme,obskur;bm;subst
359,akterutseglet,Som noen har seilt fra,obskur;bm;adj
360,fasle,"Feste, forbinde, surre omkring",obskur;bm;verb
361,sjenkel,Innside av leggen til rytteren mot siden på hesten,obskur;bm;subst
362,merlestikk,Måte å knytte tau på,obskur;bm;subst
363,eksklave,Del av en stat som er skilt fra denne og helt omgitt av fremmed område,obskur;bm;subst
364,fasisme,"Politisk totalitær og nasjonal bevegelse i Italia 1922–1943, innført av Mussolini",obskur;bm;subst
365,gnomisk,Preget av sentens eller fyndord,obskur;bm;adj
366,rajasthani,Indoarisk språk hovedsakelig brukt i India,obskur;bm;subst
367,havgule,Vind som blåser fra sjøen om sommeren,obskur;bm;subst
368,mispeltre,3–4 meter høyt tre i rosefamilie som dyrkes som prydplante i Norden,obskur;bm;subst
369,omstiging,Overgang fra ett kommunikasjonsmiddel til et annet,obskur;bm;subst
370,kambium,Vev mellom bark og ved som gir celledeling,obskur;bm;subst
371,svartolder,Or med mørkegrå bark,obskur;bm;subst
372,utluting,Uttrekking av løselige stoffer i væske tilsatt lut eller andre løsemidler,obskur;bm;subst
373,atgeir,"Om norrøne forhold: spyd, særlig til å stikke med",obskur;bm;subst
374,auskultere,Undersøke pasient ved å lytte på hjerte og lunger,obskur;bm;verb
375,sjeide,Skille ut malm fra stein,obskur;bm;verb
376,endestev,Siste del av omkved i (tolinjet) folkevisestrofe,obskur;bm;subst
377,blyerts,Malm som inneholder bly,obskur;bm;subst
378,oganesson,"Kunstig framstilt, radioaktivt grunnstoff med atomnummer 118",obskur;bm;subst
379,ensyklopedi,Generell og sammenfattende framstilling av menneskelig viten,obskur;bm;subst
380,dobbeltbekkasin,Gråhvit vadefugl i snipefamilie med svartaktige tverrstriper,obskur;bm;subst
381,somatiker,Lege som beskjeftiger seg med kroppslige sykdommer,obskur;bm;subst
382,tjone,Stelle med eller for dyr,obskur;bm;verb
383,strangulere,Kvele (ved utvendig trykk på halsen),obskur;bm;verb
384,ledningsvev,I botanikk: vev der vannløselige stoffer blir ført fra én plantedel til en annen,obskur;bm;subst
385,korsbror,Medlem av domkapittel,obskur;bm;subst
386,ballottere,"Foreta hemmelig avstemning, opprinnelig med svarte og hvite kuler, nå med stemmesedler",obskur;bm;verb
387,glidelyd,I språkvitenskap: overgangslyd mellom to språklyder,obskur;bm;subst
388,resorpsjon,Oppsuging (av næringsstoffer fra fordøyelseskanalen),obskur;bm;subst
389,heksaeder,Geometrisk legeme som er begrenset av seks flater,obskur;bm;subst
390,haldar,Reinsbukk som i paringstiden er leder for en flokk med simler og ungbukker,obskur;bm;subst
391,sexdebutere,Ha sitt første samleie,obskur;bm;verb
392,priar,"Kort tau på et råseil, brukt til å stramme seilet",obskur;bm;subst
393,sanikkel,"Plante i skjermplantefamilie med glatte blader og små, grønnhvite blomster",obskur;bm;subst
394,populas,"Oftest i bestemt form entall: masse, mobb",obskur;bm;subst
395,tribalisme,Det å identifisere seg med og gi fordeler til egen folkegruppe,obskur;bm;subst
396,imperfektiv,Om verbalform (særlig i slaviske språk): som uttrykker en uavsluttet handling,obskur;bm;adj
397,totid,I bestemt form entall: tiden rundt klokka to,obskur;bm;subst
398,skallmur,Ytre mur som dekker en eksisterende mur,obskur;bm;subst
399,kordialitet,Det å være hjertelig,obskur;bm;subst
400,kausativ,I språkvitenskap: som uttrykker et årsaksforhold,obskur;bm;adj
401,innlyd,I språkvitenskap: (stilling til) lyd inne i et ord,obskur;bm;subst
402,einslig,Som det bare er én av,obskur;bm;adj
403,blakre,"Om ild, lys: brenne urolig",obskur;bm;verb
404,kandisere,Gjennomsukre og helkonservere,obskur;bm;verb
405,tilror,Vei ut til en fiskeplass,obskur;bm;subst
406,heppen,"Heldig, som har lykken med seg",obskur;bm;adj
407,changere,"I ridning: få en hest over fra høyre galopp til venstre og omvendt, eller fra én sidebøyning til den motsatte",obskur;bm;verb
408,utseglet,Som er seilt til ende,obskur;bm;adj
409,krakke,Spalte molekyler i olje og gass til lettere produkter,obskur;bm;verb
411,hitre,Som ligger nærmest hit,obskur;bm;adj
412,rhenium,Platinalignende og hardt metallisk grunnstoff med atomnummer 75,obskur;bm;subst
413,svange,"Bukside, særlig på husdyr",obskur;bm;subst
414,kriminalistikk,Lære om midlene til å granske forbrytelser,obskur;bm;subst
415,keiket,"Om person: vrien, vrang",obskur;bm;adj
416,kopal,Halvfossil harpiks som ligner rav,obskur;bm;subst
417,kallsfelle,(geistlig) kollega i samme embete,obskur;bm;subst
418,intransitiv,"I grammatikk, om verb: som ikke tar objekt",obskur;bm;adj
419,preseptor,Om eldre forhold: privatlærer,obskur;bm;subst
420,centesimo,I Panama og Uruguay og tidligere i Italia: skillemynt verdt en hundredel av hovedmynten,obskur;bm;subst
421,pretor,Høy embetsmann i rettsvesenet i det gamle Roma,obskur;bm;subst
422,oppslutte,I kjemi: overføre et uløselig eller tungt løselig stoff til løselig form,obskur;bm;verb
423,klatrefot,Fot hos fugl med to tær framover og to bakover,obskur;bm;subst
424,rapsode,Sanger som framførte episke heltedikt i det gamle Hellas,obskur;bm;subst
425,francium,"Radioaktivt, metallisk og svært reaktivt grunnstoff med atomnummer 87",obskur;bm;subst
426,hynne,"Lang, flat benkepute",obskur;bm;subst
427,overlangsyn,Tilstand der brennpunktet for parallelle innfallsstråler i øyet ligger bak netthinna,obskur;bm;subst
428,skismatiker,Person som bryter med kirkesamfunnet sitt for å danne eller gå over til en ny sekt,obskur;bm;subst
429,novasjon,"Nydannelse, fornyelse",obskur;bm;subst
430,annuum,Årlig bevilgning til en institusjon eller lignende,obskur;bm;subst
431,kjertelys,Stort talglys eller vokslys,obskur;bm;subst
432,bustyrer,Person som forvalter et konkursbo eller et dødsbo,obskur;bm;subst
433,reserbil,"Bil med lavt tyngdepunkt som kan kjøre svært fort, og som kan brukes til konkurranser og  race",obskur;bm;subst
434,nereide,I gresk mytologi: nymfe som holder til i havet,obskur;bm;subst
435,kamformet,Som minner om en kam,obskur;bm;adj
436,genuafokk,Trekantet forseil som nyttes når en seiler tvers av vinden,obskur;bm;subst
437,regest,"Kort sammendrag av innholdet i et dokument, med opplysninger om datering, utgivelsessted osv.",obskur;bm;subst
438,osteoplastikk,"Operasjon i skjelettet, for eksempel for å fylle en knokkeldefekt med nytt, friskt beinvev",obskur;bm;subst
439,pentaeder,Geometrisk legeme avgrenset av fem flater,obskur;bm;subst
440,agrafi,Tap av skriveevnen hos en tidligere skrivefør person,obskur;bm;subst
441,kallus,I medisin: nylaget (bein)vev etter skader,obskur;bm;subst
442,supraledning,Det at den elektriske motstanden i visse stoffer blir tilnærmet lik 0 ved temperaturer nær absolutt nullpunkt,obskur;bm;subst
443,syvendedels,Som svarer til en sjudel,obskur;bm;adj
444,egdsk,Som gjelder Agder og egd,obskur;bm;adj
446,avleiingsending,"I språkvitenskap: endelse, suffiks som danner nye ord",obskur;bm;subst
447,markisett,"Lett, tynt gardinstoff med mønster",obskur;bm;subst
448,palpasjon,Medisinsk undersøkelse som består i å føle med hendene på pasientens kropp,obskur;bm;subst
449,symbel,Hakkebrett med klaviatur,obskur;bm;subst
450,vakuummeter,Apparat til å måle svært lave trykk med,obskur;bm;subst
451,applikatur,I musikk: fingersetning,obskur;bm;subst
452,skvettpuss,Velling av sement og skarp grus som kastes på mur,obskur;bm;subst
453,vadderot,"Plante i klokkefamilien med gulaktige blomster i aks, Phyteuma spicatum",obskur;bm;subst
454,villskott,"Uønsket skudd på frukttre, prydbusk eller lignende",obskur;bm;subst
455,utsjasket,Ødelagt ved behandling eller bruk,obskur;bm;adj
456,brottstykke,"Løsrevet, mindre del av noe",obskur;bm;subst
457,omdreiing,Rotasjon helt rundt til utgangspunktet,obskur;bm;subst
458,preeksistens,I religiøst språk: tidligere tilværelse,obskur;bm;subst
459,holkil,Hul profil på gesimser og listverk,obskur;bm;subst
460,overhedd,"Faste, generelle kostnader til en virksomhet, et prosjekt og lignende",obskur;bm;subst
461,haukeskjegg,Plante med gulblomstrete kurver i kurvplantefamilie,obskur;bm;subst
462,forhogning,Sperring som er laget av felte trær,obskur;bm;subst
463,grautskei,Skje til å ete grøt med,obskur;bm;subst
464,gingival,Som gjelder tannkjøttet,obskur;bm;adj
465,virilisere,Gi hannlige kjønnskjennetegn,obskur;bm;verb
466,skinnegg,Egg som legges uten skall,obskur;bm;subst
467,prosaiker,"Tørr, fantasiløs person",obskur;bm;subst
468,agnat,"Slektning, etterkommer på mannssiden, farssiden",obskur;bm;subst
469,holmium,Mykt metallisk grunnstoff med atomnummer 67,obskur;bm;subst
470,galvanoskop,Instrument brukt for å registrere elektrisk strøm og å vise strømmens retning,obskur;bm;subst
471,innleiingsfase,Periode like etter at noe er satt i gang,obskur;bm;subst
472,horst,I geologi: del av jordskorpa som står igjen etter at terrenget omkring har sunket,obskur;bm;subst
473,hugnadsam,"Hyggelig, koselig, trivelig",obskur;bm;adj
474,daktyl,Versefot med én lang og to korte stavelser,obskur;bm;subst
475,selvoppgiving,Det å gi opp å holde seg oppe,obskur;bm;subst
477,anduve,"Om skip: nærme seg land for å få landkjenning, få vite hvor en er",obskur;bm;verb
478,landevegstraver,Person som er middels utrustet eller lite original,obskur;bm;subst
479,perkolator,I medisin: apparat til å sile ut virkestoff med,obskur;bm;subst
480,utegangssau,Sau som er ute hele året,obskur;bm;subst
482,holvene,Hver av de to store blodårene som samler blodet og leder det til høyre forkammer i hjertet,obskur;bm;subst
483,tuskete,"Nedslått, ute av humør",obskur;bm;adj
484,forkavd,Fylt av strev og mas,obskur;bm;adj
485,neurotiker,Person som har en nevrose,obskur;bm;subst
486,ionisasjon,Spalting i eller omdanning til ion,obskur;bm;subst
488,senehinne,Bunt av stramt bindevev,obskur;bm;subst
489,fyrspett,Verktøy til å rense en fyr med,obskur;bm;subst
490,granitol,"Sterkt og vanntett bokbinderlerret, særlig brukt til bibliotekbøker",obskur;bm;subst
491,ebonitt,Hardt brunsvart materiale laget av naturlig eller syntetisk gummi som er vulkanisere,obskur;bm;subst
492,smygstol,Tverrstilt lær- eller tøystropp til å smette reim eller belte gjennom,obskur;bm;subst
493,vortebiter,Grønnbrun gresshoppe med mørke flekker,obskur;bm;subst
494,fantord,"Ukvemsord, spydighet",obskur;bm;subst
495,kalvis,Drivende stykke av breis,obskur;bm;subst
496,grunnstokk,Bjelke som ligger nederst i en trekonstruksjon,obskur;bm;subst
497,mnemisk,Som har med hukommelsen å gjøre,obskur;bm;adj
498,honninggjemme,Beholder med nektar som fins hos blomster med insektpollinering,obskur;bm;subst
499,mussere,"Skumme, bruse, sprudle",obskur;bm;verb
500,klourt,Flerårig urt i leppeblomstfamilie,obskur;bm;subst
501,arkebusering,Henrettelse ved skyting,obskur;bm;subst
502,bladfaks,Plante i gressfamilie med brunaktige småaks,obskur;bm;subst
503,atlant,Søyle med form som en mann som bærer bjelkelag eller andre bygningsdeler,obskur;bm;subst
504,garne,Binde sammen (seil) med tynn tråd,obskur;bm;verb
505,takson,Gruppe av organismer som skiller seg fra andre grupper,obskur;bm;subst
506,xenofil,Som liker og beundrer alt fremmed eller utenlandsk,obskur;bm;adj
507,pluviometer,Instrument som registrerer nedbør automatisk,obskur;bm;subst
508,lyvesaga,Fortelling med oppdiktet handling og oppdiktede personer,obskur;bm;subst
509,nakensene,"I film, teater: scene der en opptrer uten klær",obskur;bm;subst
510,flygehud,Hos enkelte virveldyr: hudfold som er spent ut mellom lem og kropp og som kan brukes til å fly med,obskur;bm;subst
511,kimming,"Himmelrand, horisont",obskur;bm;subst
512,skulse,Gjøre opp et mellomværende,obskur;bm;verb
513,stereofoni,Lydgjengivelse som gir romfølelse,obskur;bm;subst
514,tidvassbelte,Område i fjæra som tidevannet skyller over,obskur;bm;subst
515,ytterbium,"Svært mykt, metallisk grunnstoff med atomnummer 70",obskur;bm;subst
516,follikkel,I anatomi: liten sekk- eller blæreformet dannelse i kroppen,obskur;bm;subst
517,smeiken,"Kjælen, innsmigrende",obskur;bm;adj
518,dveil,Bunt av kluter eller lignende på et skaft til å vaske med på skip,obskur;bm;subst
519,oppsiing,"Det å heve eller si opp en avtale, en kontrakt eller lignende",obskur;bm;subst
520,klungret,"Om tre: forkrøplet, knudrete",obskur;bm;adj
521,viksk,"I språkvitenskap: som gjelder dialektene i Østfold, Vestfold og Sørøst-Telemark",obskur;bm;adj
522,storkonvall,Plante i aspargesfamilie,obskur;bm;subst
523,stratifisere,Dele i noenlunde ensartede klasser,obskur;bm;verb
524,konurbasjon,Gruppe av byer som vokser sammen,obskur;bm;subst
525,infleksibel,Som ikke bøyer eller tilpasser seg lett,obskur;bm;adj
526,slavesjel,Feig og underkuet person,obskur;bm;subst
527,briljantin,"Tettvevd, glansfullt stoff",obskur;bm;subst
528,bjekso,Høy lærstøvel med oppbøyd tupp foran,obskur;bm;subst
529,tropisme,"Vekstbevegelse hos plante(organ) i en retning som er bestemt av ytre påvirkning, for eksempel lys",obskur;bm;subst
530,gauksmesse,Merkedag først i mai på den tiden gjøken kommer tilbake,obskur;bm;subst
531,rimtusse,I norrøn mytologi: jotun som levde mot nord i is og snø,obskur;bm;subst
532,ertog,Mynt- og vektenhet i Norden i middelalderen,obskur;bm;subst
533,samnavn,"Betegnelse for en gruppe av ting, vesener eller begreper",obskur;bm;subst
534,kamgras,Flerårig gressart med kamformede småaks,obskur;bm;subst
535,translitterere,Omskrive fra ett alfabet til et annet,obskur;bm;verb
536,ukjure,"Usømmelig, rå person",obskur;bm;subst
537,initialord,Ord som består av andre ords første bokstav eller stavelse,obskur;bm;subst
538,tremor,Ukontrollert rykning i muskel,obskur;bm;subst
539,pontifikal,Som gjelder biskop eller pave,obskur;bm;adj
540,heldagspost,Stilling der en arbeider full arbeidsdag,obskur;bm;subst
541,velin,"Fint, pergamentlignende papir",obskur;bm;subst
542,paddemark,Urent farvann med båer og skjær,obskur;bm;subst
543,kjerringkjeft,Redskap til å bende eller drive noe inn med,obskur;bm;subst
544,snavle,Snakke på en utydelig måte,obskur;bm;verb
545,formumme,Gjøre ugjenkjennelig,obskur;bm;verb
546,steinnype,"Busk i rosefamilie med lange, hengende grener og hvite eller røde blomster",obskur;bm;subst
547,molestere,"La lide overlast, gjøre skade på, ødelegge",obskur;bm;verb
548,edisjon,"Utgave, opplag av en bok",obskur;bm;subst
549,gaume,"Akte, anse, legge merke til",obskur;bm;verb
550,agraff,I arkitektur: sluttstein,obskur;bm;subst
551,daunesle,Plante i leppeblomstfamilie med hvite blomster,obskur;bm;subst
552,tremulant,I språkvitenskap: vibrant,obskur;bm;subst
553,hassium,Kunstig framstilt radioaktivt grunnstoff med atomnummer 108,obskur;bm;subst
554,gardkonge,Stort tre som står i et gjerde,obskur;bm;subst
555,pulder,Sprut etter noe som synker i vann,obskur;bm;subst
557,taksperre,Bjelke som står på skrå mellom mønet og langveggen i et hus,obskur;bm;subst
558,insularskrift,Alfabet som i middelalderen ble utviklet i Irland av det latinske alfabetet og var i bruk i England (og Norge),obskur;bm;subst
559,endoterm,I kjemi: som absorberer varme,obskur;bm;adj
560,rejeksjon,Det at en organisme avviser et transplantert organ,obskur;bm;subst
561,frikativ,Språklyd som uttales ved at luftstrømmen passerer en innsnevring i munnhulen og lager en vislelyd,obskur;bm;subst
562,semipermeabel,Halvt gjennomtrengelig,obskur;bm;adj
563,ekserpere,"Finne utdrag eller sitat fra bok, dokument eller lignende",obskur;bm;verb
564,presskake,"Restprodukt ved utvinning av planteolje, brukt som dyrefôr",obskur;bm;subst
565,hektograf,Om eldre forhold: apparat til å lage mange kopier av skrift og tegninger,obskur;bm;subst
566,flerovium,Kunstig framstilt radioaktivt grunnstoff med atomnummer 114,obskur;bm;subst
567,hyperonym,Ord for et mer omfattende begrep i forhold til en finere inndeling,obskur;bm;subst
568,plitt,"Lite, lukket rom forut eller akterut i båt",obskur;bm;subst
569,dietyleter,"Klar, svært brennbar væske som blant annet brukes som løsemiddel og til å gi narkose",obskur;bm;subst
570,ottes,Kjenne uro eller engstelse,obskur;bm;verb
571,demisjonere,Eldre betegnelse for å gå frivillig fra regjeringspost eller annet embete,obskur;bm;verb
572,benefice,Teaterforestilling der overskuddet går til en som er knyttet til teateret,obskur;bm;subst
573,skavkniv,Liten høvel med håndtak på hver side,obskur;bm;subst
574,stiple,Merke av eller markere med korte streker,obskur;bm;verb
575,rukkola,Salatsennep brukt som salat eller krydder,obskur;bm;subst
576,nakkestikk,Knute som blir brukt for å feste et tau til en krok,obskur;bm;subst
577,granulasjonsvev,I medisin: rødt vev i bunnen av et sår,obskur;bm;subst
578,kostved,60 eller 90 cm lang ved som er kløyvd på midten,obskur;bm;subst
579,isoterm,Som foregår ved konstant temperatur,obskur;bm;adj
580,hundegras,"Flerårig, bladrik gressplante som vokser i tette tuer",obskur;bm;subst
581,polysem,Ord med flere betydninger som kan utledes av samme grunnbetydning,obskur;bm;subst
582,asterisk,"Tegnet *, ofte brukt til å trunkere digitale søk",obskur;bm;subst
583,lodje,"Om eldre forhold: russisk elve- og kystfartøy, blant annet brukt av pomor",obskur;bm;subst
584,futilitet,Intetsigende bemerkning,obskur;bm;subst
585,xantippe,"Kranglevoren, gift kvinne",obskur;bm;subst
586,sorbe,Dessert laget av halvfrossen saft av frukt eller bær,obskur;bm;subst
587,naturalisasjon,Det at en utlending gis borgerrett,obskur;bm;subst
588,tjelde,"Om eldre forhold: dekke med teppe, forheng eller lignende",obskur;bm;verb
589,permutere,"Ordne eller bytte om på elementene i en gruppe, for eksempel enheter i en rekke",obskur;bm;verb
590,armhole,"Hule, grop under skulderledd",obskur;bm;subst
591,volumeter,Apparat til å måle rominnhold av pulvermengder med,obskur;bm;subst
592,varmelist,"Smal, veggfast panelovn",obskur;bm;subst
593,solmisasjon,"Det å synge toner med bestemte stavelser, som do-re-mi osv.",obskur;bm;subst
594,storhjelm,"Flerårig, giftig plante i soleiefamilie, med mørkeblå blomster",obskur;bm;subst
595,papisteri,Brukt nedsettende om den romersk-katolske tro og lære,obskur;bm;subst
596,lysboge,"Intens, bueformet flamme av elektrisitet mellom to elektrode",obskur;bm;subst
597,asymptote,I geometri: rett linje som en kurve nærmer seg uten noen gang å falle sammen med den,obskur;bm;subst
598,trusbror,Mann med samme religiøse tro,obskur;bm;subst
599,agglomerasjon,Område med sammenhengende tettbebyggelse,obskur;bm;subst
600,pontifeks,Medlem av det øverste prestekollegiet i det gamle Roma,obskur;bm;subst
601,presbyter,Menighetsforstander i oldkirken,obskur;bm;subst
602,seise,"I sjømannsspråk: binde fast, surre",obskur;bm;verb
603,aposiopese,Retorisk figur der en setning blir avbrutt slik at en må tenke seg til resten,obskur;bm;subst
604,myrsig,Mindre myr som det siger vann fra,obskur;bm;subst
605,sommerrug,Rug som høstes samme år som den er sådd,obskur;bm;subst
606,cesur,"I metrikk: pause, hvilepunkt inne i en (lengre) verselinje",obskur;bm;subst
607,anemofil,Som bestøves ved vinden,obskur;bm;adj
608,holmur,Mur som består av to vange med hulrom mellom,obskur;bm;subst
609,ensilere,Konservere ferskt gress og andre plantevekster til fôr ved å la surne,obskur;bm;verb
610,skydrag,Bevegelse i skyene av vinden,obskur;bm;subst
611,knavel,Slekt i nellikfamilie,obskur;bm;subst
612,spilkum,Liten bolle eller skål,obskur;bm;subst
613,sparagmitt,Sandstein rik på feltspat,obskur;bm;subst
614,gemeinslig,"Liketil, likefram, gemyttlig",obskur;bm;adj
615,barde,"Hos visse hvalarter: trekantete, frynsete hornplater som erstatter tenner og virker som en sil",obskur;bm;subst
616,guernseyfe,"Spedbygd, gulbrun melkekurase",obskur;bm;subst
617,eufonisk,"Vellyd, for vellydens skyld",obskur;bm;adj
618,botnlinje,Sted i regnskap som viser det økonomiske resultatet,obskur;bm;subst
619,vevskei,"Lang, smal ramme som en trær renningstrådene til en vev gjennom",obskur;bm;subst
620,arawak,"Søramerikansk språk hovedsakelig brukt i Venezuela, Guyana, Surinam og Fransk Guyana",obskur;bm;subst
621,haugta,Om underjordiske: ta eller lokke (folk) inn til seg,obskur;bm;verb
622,tilfar,Løse tiljer eller tofter i en båt,obskur;bm;subst
623,grunnslo,"Snor som går langs sjøbunnen, og som har tynne snører med angler festet til seg",obskur;bm;subst
624,lovkvad,Om norrøne forhold: hyllingsdikt til en framstående person,obskur;bm;subst
625,bortebuer,"Elev, student som ikke bor hos foreldrene under studiene",obskur;bm;subst
626,dissimilere,I fysiologi: bryte ned stoffer i en organisme,obskur;bm;verb
627,infiltrat,I medisin: celler eller blodvæske som har trengt inn i organ eller vev,obskur;bm;subst
628,fjerdestand,I Frankrike på 1800-tallet: samfunnsklasse av eiendomsløse arbeidere,obskur;bm;subst
629,avers,Framside av en mynt eller medalje,obskur;bm;subst
630,offerte,Tilbud om salg av vare med pristibud,obskur;bm;subst
631,lorje,"Stygt, ustelt fartøy",obskur;bm;subst
632,draugkyss,"Sår på leppene, i munnvikene eller inne i munnen",obskur;bm;subst
633,dobbeltbotn,Noe som kan tolkes på to måter,obskur;bm;subst
634,viskos,"Om væske: seig, tyktflytende",obskur;bm;adj
635,nottung,"Eldre hulmål, ¹⁄₃ skjeppe (ca. 6 l)",obskur;bm;subst
636,kapotast,Klemme som festes på tvers av gripebrett på strengeinstrumenter,obskur;bm;subst
637,nygrad,Eldre betegnelse for gon,obskur;bm;subst
638,ballist,Gresk-romersk kastemaskin,obskur;bm;subst
639,takymeter,Landmålerinstrument til hurtig måling av avstander og høydeforskjeller,obskur;bm;subst
640,monofoni,Lydgjengivelse via én kanal,obskur;bm;subst
641,rugle,Liten bulk eller hump,obskur;bm;subst
642,lutetium,Sjeldent metallisk grunnstoff med atomnummer 71,obskur;bm;subst
643,brekalv,Stykke som løsner fra en isbre,obskur;bm;subst
644,sjeviot,Britisk sauerase innført i Norge i 1850-årene,obskur;bm;subst
645,denotere,Angi et språklig uttrykks referanse i den virkelige verden,obskur;bm;verb
646,stoltsere,Oppføre seg hovmodig,obskur;bm;verb
647,utlodde,I jus: fordele i lott eller parter,obskur;bm;verb
648,avtrekkshette,"Innretning med vifte, særlig over komfyr, til å fjerne matos",obskur;bm;subst
649,psykrometer,Instrument til å måle fuktigheten i luft med,obskur;bm;subst
650,teodice,Filosofisk verk eller lære som hevder at Gud er god og rettferdig trass i all lidelse og urett i verden,obskur;bm;subst
651,sonant,"Språklyd som kan danne en stavelse alene, eller er kjernen i en stavelse",obskur;bm;subst
652,kontoid,I fonetikk: språklyd med konsonantisk artikulasjon,obskur;bm;subst
653,relegere,Bortvise fra skole eller universitet,obskur;bm;verb
654,avkledingsrom,"Rom til å kle av seg i (ved bad, gymnastikksal og lignende)",obskur;bm;subst
655,sanforisere,Gjøre vevde stoffer (av bomull) krympefrie med å presse dem mens de er våte,obskur;bm;verb
657,skarifisere,"Gjøre snitt i hud, frøskall eller lignende",obskur;bm;verb
658,prebende,Om eldre forhold: inntekt av kirkelig jordegods lagt til et alter i en domkirke,obskur;bm;subst
659,bakskut,Bakerste rommet i eller bakerste enden på en båt,obskur;bm;subst
660,latinersegl,Trekantet seil brukt i Middelhavet,obskur;bm;subst
661,stereografi,Det å avtegne tredimensjonale figurer på plan flate,obskur;bm;subst
662,skarifikator,Eldre kirurgisk instrument til å gjøre snitt i huden med,obskur;bm;subst
663,poppartist,Person som framfører popmusikk,obskur;bm;subst
664,vakuumere,Pakke i lufttett emballasje med undertrykk,obskur;bm;verb
665,skottarm,I håndball: arm som en skyte med,obskur;bm;subst
666,isomorf,Som har lik struktur eller utseende,obskur;bm;adj
667,veltefjel,Plate på plog som snur den løsnede jorda mot den ene siden,obskur;bm;subst
668,heksakord,I middelaldermusikk: skala på seks toner,obskur;bm;subst
669,isobat,Linje på kart gjennom steder på havbunnen som ligger på samme dybde,obskur;bm;subst
670,sublimat,Kvikksølvforbindelse brukt som desinfeksjonsmiddel eller antiseptisk middel,obskur;bm;subst
671,helheim,I norrøn mytologi: dødsrike,obskur;bm;subst
672,forkim,Første stadium i utviklingen hos sporeplante,obskur;bm;subst
673,kollodium,Løsning av cellulosenitrat i en blanding av eter og alkohol,obskur;bm;subst
674,skraklet,Som er i dårlig stand,obskur;bm;adj
675,laggband,Bånd på trekar oppe eller nede,obskur;bm;subst
676,sifferur,Kvartsur som viser tiden med sifre i stedet for visere,obskur;bm;subst
677,optometer,Instrument til å måle synsevnen,obskur;bm;subst
678,underarmsskott,Skudd i håndball der en kaster med albuen pekende inn mot kroppen,obskur;bm;subst
679,vaisenhus,Hjem for foreldreløse barn,obskur;bm;subst
680,graduale,I Den norske kirke etter 1925: prestens messebok (ikke brukt etter innføringen av ny liturgi),obskur;bm;subst
681,kammerduk,"Tett, fint lerret av lin eller bomull",obskur;bm;subst
682,brotsj,"Stangformet redskap til å lage eller utvide hull med, særlig i metall",obskur;bm;subst
683,sjursmesse,(gammelt navn på) 23. desember,obskur;bm;subst
684,supprimere,Hindre offentliggjøring av,obskur;bm;verb
685,portiko,"Hovedinngang med overbygg båret av søyler, vanlig i hellensk og nyklassisk arkitektur",obskur;bm;subst
686,firklang,"Akkord av grunntone, ters, kvint og septim",obskur;bm;subst
687,prekentone,"Messende, monoton måte å snakke på",obskur;bm;subst
688,lispund,"Gammel vektenhet, i middelalderen fra 6 til 9 kilogram, senere ca. 8 kilogram",obskur;bm;subst
689,fuselolje,Biprodukt ved framstilling av alkohol,obskur;bm;subst
690,hiatus,I språkvitenskap: sammenstøt av to vokaler som ikke danner diftong,obskur;bm;subst
691,etterhevning,Heving av gjærdeig mellom utbaking og steking,obskur;bm;subst
692,utskyllet,Som er ført med av rennende væske,obskur;bm;adj
693,dyffel,Tykt ullstoff med halvlang lo,obskur;bm;subst
694,viming,Det å fare hit og dit i en forvirret tilstand,obskur;bm;subst
695,signifikativ,Som er et klart uttrykk for noe,obskur;bm;adj
696,pleonastisk,Om språklig uttrykk: som gjentar samme meningsinnhold med ett eller flere overflødige ord,obskur;bm;adj
697,gardsrom,"Lite område omgitt av bygninger, murer eller gjerder",obskur;bm;subst
698,dissosiere,Kløyve molekyl(grupper) i atom(grupper) eller ioner,obskur;bm;verb
699,transendent,I matematikk: ikke algebraisk,obskur;bm;adj
700,vesikkel,Liten (luft- eller væskefylt) blære,obskur;bm;subst
701,durksy,Binde sammen binnsåle og yttersåle på sko ved gjennomsying,obskur;bm;verb
702,katekumen,I oldkirken: person som ble undervist i den kristne lære før han eller hun fikk motta dåpen,obskur;bm;subst
703,gudsjarati,Indoiransk språk hovedsakelig brukt i det nordvestlige India,obskur;bm;subst
704,kalfatre,Tette fartøy med drev og bek,obskur;bm;verb
705,paternosterverk,Endeløst transportbånd med skovler eller lignende som flytter fast eller flytende masse,obskur;bm;subst
706,emneknagg,"Ord eller vending med tegnet # som innledning, brukt til å gruppere meldinger i sosialt medium",obskur;bm;subst
707,forskut,Forreste rom i en båt,obskur;bm;subst
708,tesaurus,"Ordsamling over alle ordene i et fag, en tekst eller en tekstsamling",obskur;bm;subst
709,balutsji,"Indoiransk språk hovedsakelig brukt i Iran, Pakistan og Afghanistan",obskur;bm;subst
710,antocyan,Fargestoff i blomster og bær som varierer fra rødt til blått,obskur;bm;subst
711,pandoraeske,Gjenstand eller situasjon som bringer problemer og ulykker,obskur;bm;subst
712,agglomerat,I geologi: bergart som består av vulkanske blokker bundet sammen av finere materiale,obskur;bm;subst
713,xantom,"Ufarlig, gul knute i huden",obskur;bm;subst
714,friholt,Rund bjelke på skipsreling som tar imot støt når skipet legger til kai,obskur;bm;subst
715,epifytt,Plante som vokser på en annen plante uten å snylte,obskur;bm;subst
716,kaveringsmann,Forlover,obskur;bm;kort;subst
717,tjatre,Prate uformelt,obskur;bm;kort;verb
719,akkedas,Trette,obskur;bm;kort;subst
720,spong,Beslag,obskur;bm;kort;subst
722,seinferdig,Treg,obskur;bm;kort;adj
723,sukkel,Det å sukle,obskur;bm;kort;subst
724,skottdag,29. februar,obskur;bm;kort;subst
725,skjelme,Sette belg,obskur;bm;kort;verb
726,vavre,Være i bevegelse,obskur;bm;kort;verb
727,vanhedre,Føre skam over,obskur;bm;kort;verb
728,ombot,"Forbedring, reform",obskur;bm;kort;subst
729,franskbrennevin,Konjakk,obskur;bm;kort;subst
730,kjeske,Godbit,obskur;bm;kort;subst
731,overilelse,For stor iver,obskur;bm;kort;subst
732,anmasselse,Overgrep,obskur;bm;kort;subst
733,polyvalent,I kjemi: flerverdig,obskur;bm;kort;adj
734,kippskodd,Barbeint i skoene,obskur;bm;kort;adj
735,numerus,Tall,obskur;bm;kort;subst
736,spjert,Fjong liten fyr,obskur;bm;kort;subst
737,feitladen,Temmelig fet,obskur;bm;kort;adj
738,fauke,"Sykdomsanfall, ri",obskur;bm;kort;subst
739,jassifisere,Arrangere som jazz,obskur;bm;kort;verb
740,nippflo,Laveste flo,obskur;bm;kort;subst
742,gryle,Skjelle og smelle,obskur;bm;kort;verb
743,glohersk,Grådig,obskur;bm;kort;adj
744,aurete,Full av aur,obskur;bm;kort;adj
745,tasal,"Skral, veik",obskur;bm;kort;adj
746,disharmonere,Ikke passe sammen,obskur;bm;kort;verb
747,transfigurere,"Omskape, forvandle",obskur;bm;kort;verb
748,innror,Motsatt utror,obskur;bm;kort;subst
749,utsynning,Vind fra sørvest,obskur;bm;kort;subst
751,atoksisk,"Uten gift, giftfri",obskur;bm;kort;adj
752,klessete,Bløt og klebrig,obskur;bm;kort;adj
753,epikureisme,Overdreven nytelse,obskur;bm;kort;subst
754,hevle,"Saktne, stanse",obskur;bm;kort;verb
755,frege,Få vite,obskur;bm;kort;verb
756,reike,Gå sakte,obskur;bm;kort;verb
757,dulpe,Slå,obskur;bm;kort;verb
758,paritetisk,Likeverdig,obskur;bm;kort;adj
759,synergere,Virke sammen,obskur;bm;kort;verb
760,rundhandet,"Gavmild, raus",obskur;bm;kort;adj
761,derangere,Forstyrre,obskur;bm;kort;verb
762,homilie,Preken,obskur;bm;kort;subst
763,klemetsmess,23. november,obskur;bm;kort;subst
764,skriftstyre,Redaksjon,obskur;bm;kort;subst
765,skrie,"Skred, ras",obskur;bm;kort;subst
766,smede,"Håne, fornærme",obskur;bm;kort;verb
767,smalebeist,Sau (eller geit),obskur;bm;kort;subst
769,speseri,Krydder,obskur;bm;kort;subst
770,gnisle,Lyde skjærende,obskur;bm;kort;verb
771,alfahunn,Kvinnelig ledertype,obskur;bm;kort;subst
772,legislativ,Lovgivende,obskur;bm;kort;adj
773,keivelig,"Forkjært, klossete",obskur;bm;kort;adj
774,samfull,"Sammenhengende, hel",obskur;bm;kort;adj
775,sifrere,Gi siffer,obskur;bm;kort;verb
776,anion,Motsatt kation,obskur;bm;kort;subst
777,lepete,Som henger ned,obskur;bm;kort;adj
778,forkue,Holde nede,obskur;bm;kort;verb
779,jaskete,"Slurvete, dårlig",obskur;bm;kort;adj
780,tisle,Snakke lavt,obskur;bm;kort;verb
781,skolm,Skall,obskur;bm;kort;subst
782,bogeminutt,¹⁄₆₀ av en buegrad,obskur;bm;kort;subst
783,infami,Ondskap,obskur;bm;kort;subst
784,beinke,Endre,obskur;bm;kort;verb
785,fjelg,Ren og pen,obskur;bm;kort;adj
786,universalier,Allmenne begreper,obskur;bm;kort;subst
787,gniken,"Gjerrig, smålig",obskur;bm;kort;adj
788,kjaks,"Klipp, hakk",obskur;bm;kort;subst
789,ulempelig,"Uvennlig, hard",obskur;bm;kort;adj
790,kjese,Løype,obskur;bm;kort;subst
791,kontere,Bokføre,obskur;bm;kort;verb
792,nybrottskvinne,Pioner,obskur;bm;kort;subst
793,trosvitne,Martyr,obskur;bm;kort;subst
794,metresse,Elskerinne,obskur;bm;kort;subst
795,fotometri,Måling av lysstyrke,obskur;bm;kort;subst
796,purkete,"Tverr, vrang, sur",obskur;bm;kort;adj
797,ormstukken,Bitt av orm,obskur;bm;kort;adj
798,latitude,Breddegrad,obskur;bm;kort;subst
799,knatte,"Hakke, pikke",obskur;bm;kort;verb
800,mobilier,Løsøre,obskur;bm;kort;subst
801,residuum,"Rest, bunnfall",obskur;bm;kort;subst
802,plesken,"Liten, flat kake",obskur;bm;kort;subst
803,grodag,Inneklemt dag,obskur;bm;kort;subst
804,adonisk,"Vakker, velskapt",obskur;bm;kort;adj
805,fosforescere,Lyse i mørket,obskur;bm;kort;verb
806,balere,Streve (bråkende),obskur;bm;kort;verb
807,knege,"Slite, streve",obskur;bm;kort;verb
808,prette,"Puss, fantestrek",obskur;bm;kort;subst
809,akromatisk,Uten farge,obskur;bm;kort;adj
810,kontribuere,Yte bidrag,obskur;bm;kort;verb
811,skimle,Vimse omkring,obskur;bm;kort;verb
812,nautete,"Dum, toskete",obskur;bm;kort;adj
813,godfjottete,Altfor ettergivende,obskur;bm;kort;adj
814,foliant,Svært stor bok,obskur;bm;kort;subst
815,hjertegress,Briza media,obskur;bm;kort;subst
816,sorgmild,Vemodig,obskur;bm;kort;adj
817,emnelig,Som tegner godt,obskur;bm;kort;adj
818,hellestein,Skifer,obskur;bm;kort;subst
819,skurve,Skorpe på sår,obskur;bm;kort;subst
820,ugodslig,Lite hyggelig,obskur;bm;kort;adj
821,gulland,"Eldorado, paradis",obskur;bm;kort;subst
822,trabelere,"Gå, traske",obskur;bm;kort;verb
823,kruslet,"Skrøpelig, skranten",obskur;bm;kort;adj
824,platityde,Simpelt uttrykk,obskur;bm;kort;subst
825,adspre,"Underholde, muntre",obskur;bm;kort;verb
826,rassel,Raslende lyd,obskur;bm;kort;subst
827,niten,"Gjerrig, gnieraktig",obskur;bm;kort;adj
828,snavl,"Kjeft, munn",obskur;bm;kort;subst
829,ripostere,Svare slagferdig,obskur;bm;kort;verb
830,sundmave,Svømmeblære i fisk,obskur;bm;kort;subst
831,holtre,Innhult tre,obskur;bm;kort;subst
832,forbindtlighet,Forpliktelse,obskur;bm;kort;subst
833,regalere,Gi til beste,obskur;bm;kort;verb
834,utslukt,Som er slokke,obskur;bm;kort;adj
835,presupponere,Gå ut fra,obskur;bm;kort;verb
836,fagne,Motta med glede,obskur;bm;kort;verb
837,narreskap,Dum oppførsel,obskur;bm;kort;subst
838,alfonseri,Hallikvirksomhet,obskur;bm;kort;subst
839,antecedere,Gå foran,obskur;bm;kort;verb
840,glime,Lyse,obskur;bm;kort;verb
843,osteri,Italiensk vertshus,obskur;bm;kort;subst
844,seneri,Landskap,obskur;bm;kort;subst
845,adressant,Avsender,obskur;bm;kort;subst
847,kavere,Garantere,obskur;bm;kort;verb
848,antraks,Miltbrann,obskur;bm;kort;subst
849,nenne,Få seg til,obskur;bm;kort;verb
850,demisjon,Avskjedssøknad,obskur;bm;kort;subst
851,kolloidal,Svært finfordelt,obskur;bm;kort;adj
852,anemofili,Bestøvning med vind,obskur;bm;kort;subst
853,patrisisk,Fornem,obskur;bm;kort;adj
854,kermes,Uekte kochenille,obskur;bm;kort;subst
855,resolvere,"Beslutte, avgjøre",obskur;bm;kort;verb
856,darre,"Dirre, riste",obskur;bm;kort;verb
857,klant,Liten bergskrent,obskur;bm;kort;subst
858,hypotaktisk,Underordnet,obskur;bm;kort;adj
859,halunk,"Skurk, slubbert",obskur;bm;kort;subst
860,trulte,Rulle bortover,obskur;bm;kort;verb
861,veidn,Fangst,obskur;bm;kort;subst
862,quodlibet,Musikalsk potpurri,obskur;bm;kort;subst
863,resipere,Tilegne seg,obskur;bm;kort;verb
864,grase,Luke,obskur;bm;kort;verb
865,rubank,Lang sletthøvel,obskur;bm;kort;subst
866,illhug,"Uro, redsel",obskur;bm;kort;subst
867,resong,"Fornuft, mening",obskur;bm;kort;subst
868,stanke,Puste tungt,obskur;bm;kort;verb
869,vesaldom,"Armod, nød",obskur;bm;kort;subst
870,livgjord,Belte,obskur;bm;kort;subst
871,uredig,"Flokete, uklar",obskur;bm;kort;adj
872,gammaltroende,Ortodoks,obskur;bm;kort;adj
873,prylert,"Lurk, rusk",obskur;bm;kort;subst
874,emfatisk,Med ettertrykk,obskur;bm;kort;adj
875,inkommensurabel,Uten felles mål,obskur;bm;kort;adj
876,fortifisere,Bygge festningsverk,obskur;bm;kort;verb
877,onager,Asiatisk halvesel,obskur;bm;kort;subst
878,vankundig,"Uvitende, uopplyst",obskur;bm;kort;adj
879,utrigget,Utstyrt,obskur;bm;kort;adj
880,kokleaimplantat,Forkortet CI,obskur;bm;kort;subst
881,eunukk,Kastrere mann,obskur;bm;kort;subst
882,simpleksord,Usammensatt ord,obskur;bm;kort;subst
883,rekursiv,Som kan gjentas,obskur;bm;kort;adj
884,jaske,Arbeide slurvet,obskur;bm;kort;verb
885,utstikning,Det merke opp,obskur;bm;kort;subst
886,djevlig,"Ond, fæl, lei",obskur;bm;kort;adj
887,kvege,"Forfriske, styrke",obskur;bm;kort;verb
888,tvunnen,Som er tvinne,obskur;bm;kort;adj
890,bristfeldig,Mangelfull,obskur;bm;kort;adj
891,isbaks,Grov drivis,obskur;bm;kort;subst
892,muldet,Full av mold,obskur;bm;kort;adj
893,grepen,"Beveget, rørt",obskur;bm;kort;adj
895,konveniens,Skikk og bruk,obskur;bm;kort;subst
896,knuvl,"Knott, kloss",obskur;bm;kort;subst
897,idiolekt,Personlig språk,obskur;bm;kort;subst
898,furunkel,"Kong, byll",obskur;bm;kort;subst
899,tamse,"Tulle, tøve",obskur;bm;kort;verb
900,skriftstyrer,Redaktør,obskur;bm;kort;subst
901,durativ,Som varer ved,obskur;bm;kort;adj
902,korrugere,Lage bølgeform på,obskur;bm;kort;verb
903,realisabel,Som kan selges,obskur;bm;kort;adj
904,daggert,Kort stikkvåpen,obskur;bm;kort;subst
905,knuvle,"Støte, puffe",obskur;bm;kort;verb
906,sjaske,"Stampe, tråkke",obskur;bm;kort;verb
907,vanheder,"Vanære, skam",obskur;bm;kort;subst
908,vandalsk,Hensynsløs,obskur;bm;kort;adj
909,offisinell,Opptatt i farmakope,obskur;bm;kort;adj
910,tedeum,Kristen lovsang,obskur;bm;kort;subst
911,nidsk,Misunnelig,obskur;bm;kort;adj
912,bonmot,Vittig bemerkning,obskur;bm;kort;subst
913,skamdjerv,Frekk,obskur;bm;kort;adj
914,formonn,"Forsprang, fordel",obskur;bm;kort;subst
915,iskrav,Tynn isskorpe,obskur;bm;kort;subst
916,inhibitorisk,"Hemmende, stansende",obskur;bm;kort;adj
917,tillempelse,Tilpasning,obskur;bm;kort;subst
918,esoteriker,Lærd,obskur;bm;kort;subst
919,skratl,Høy latter,obskur;bm;kort;subst
920,flaggspette,Dendrocopus major,obskur;bm;kort;subst
921,skottredd,Feig,obskur;bm;kort;adj
922,reineclaude,Grønn plommesort,obskur;bm;kort;subst
923,alali,Manglende taleevne,obskur;bm;kort;subst
925,knavre,Trynering på gris,obskur;bm;kort;subst
926,staurete,Stiv og klossete,obskur;bm;kort;adj
927,prakken,"Gnieraktig, gjerrig",obskur;bm;kort;adj
928,lugum,"Høvelig, passende",obskur;bm;kort;adj
929,debarkere,Gå fra borde,obskur;bm;kort;verb
930,kleise,Snakke urent,obskur;bm;kort;verb
931,andror,Motvind ved roing,obskur;bm;kort;subst
932,treak,"Søtsak, lakris",obskur;bm;kort;subst
933,stevnelei,"Kurs, retning",obskur;bm;kort;subst
934,lettkorn,Tomt snakk,obskur;bm;kort;subst
935,tutel,Tutors myndighet,obskur;bm;kort;subst
936,paremiologi,Studiet av ordspråk,obskur;bm;kort;subst
937,feigd,Varslet død,obskur;bm;kort;subst
938,longe,Lange,obskur;bm;kort;subst
940,garpe,Skryte,obskur;bm;kort;verb
941,smeis,"Slag, dask",obskur;bm;kort;subst
942,skottsikker,Som treffer godt,obskur;bm;kort;adj
943,vemling,Vemmelig person,obskur;bm;kort;subst
944,ektoderm,Ytre kimblad,obskur;bm;kort;subst
945,maksel,"Fasong, form",obskur;bm;kort;subst
947,orskurd,Rettslig kjennelse,obskur;bm;kort;subst
948,flage,"Anfall, ri",obskur;bm;kort;subst
949,eksploatere,Dra nytte av,obskur;bm;kort;verb
950,kommittere,Overdra verv,obskur;bm;kort;verb
951,aksidens,Mindre trykksaker,obskur;bm;kort;subst
952,notvarp,Kast med not,obskur;bm;kort;subst
953,hugsott,"Bekymring, otte",obskur;bm;kort;subst
954,pompete,"Humørløs, sur, treg",obskur;bm;kort;adj
955,gauksmess,Særlig: 1. mai,obskur;bm;kort;subst
956,kodde,"Pute, hodepute",obskur;bm;kort;subst
957,jomfrutrane,Grus virgo,obskur;bm;kort;subst
958,konduktor,Elektrisk leder,obskur;bm;kort;subst
959,eldhug,Entusiasme,obskur;bm;kort;subst
960,avbeitet,Snaugnagd for gress,obskur;bm;kort;adj
961,kjeng,Krampe,obskur;bm;kort;subst
962,armodsdom,"Fattigdom, nød",obskur;bm;kort;subst
963,ubeist,"Uhyre, udyr",obskur;bm;kort;subst
964,pinakkel,Spiss fjelltopp,obskur;bm;kort;subst
965,nurkete,Liten og forkrøplet,obskur;bm;kort;adj
966,tjadre,"Mase, skravle",obskur;bm;kort;verb
967,lurve,Buste til,obskur;bm;kort;verb
968,klure,"Trekrok, hake",obskur;bm;kort;subst
969,pesthule,Helsefarlig sted,obskur;bm;kort;subst
970,rabid,Svært intens,obskur;bm;kort;adj
971,tugge,"Munnfull, bit",obskur;bm;kort;subst
972,grisotte,Svært tidlig morgen,obskur;bm;kort;subst
973,deuteriumoksid,Tungtvann,obskur;bm;kort;subst
974,utast,"Utkjørt, utmattet",obskur;bm;kort;adj
975,cymbel,Bekken,obskur;bm;kort;subst
976,neurasteni,Svekkelse av nerve,obskur;bm;kort;subst
977,krukse,Gå bøyd,obskur;bm;kort;verb
978,dyade,Par,obskur;bm;kort;subst
979,hombot,Bakside av kneet,obskur;bm;kort;subst
980,kurlet,"Krøllete, lokkete",obskur;bm;kort;adj
981,tomset,"Dum, klossete",obskur;bm;kort;adj
982,kovbakke,Mørk skybanke,obskur;bm;kort;subst
983,angiosperm,Dekkfrøet plante,obskur;bm;kort;subst
984,hivert,"Dram, støyt",obskur;bm;kort;subst
985,parallellisere,Sammenligne,obskur;bm;kort;verb
986,nufse,Nappe lett,obskur;bm;kort;verb
987,kveldskingle,Flaggermus,obskur;bm;kort;subst
988,kontribusjon,"Bidrag, tilskudd",obskur;bm;kort;subst
989,innskipe,Gå om bord,obskur;bm;kort;verb
990,meduse,Manet,obskur;bm;kort;subst
991,patiens,Motsatt agens,obskur;bm;kort;subst
992,holne,Bli hul,obskur;bm;kort;verb
993,truskyldig,"Godtroende, naiv",obskur;bm;kort;adj
994,kabbe,Hogge av,obskur;bm;kort;verb
995,rafse,Rive til seg,obskur;bm;kort;verb
996,skarvelig,"Skral, elendig",obskur;bm;kort;adj
997,slufs,"Slaps, sludd",obskur;bm;kort;subst
999,snaksy,"Fiks, lekker",obskur;bm;kort;adj
1000,innmarisk,I høy grad,obskur;bm;kort;adj
1001,knett,Lite smell,obskur;bm;kort;subst
1002,kleis,Som snakker urent,obskur;bm;kort;adj
1003,sordinere,Dempe spillet,obskur;bm;kort;verb
1004,satrap,Herskesyk person,obskur;bm;kort;subst
1005,panasj,Stil,obskur;bm;kort;subst
1006,skarvord,Krenkende ord,obskur;bm;kort;subst
1007,beiskne,Bli besk(ere),obskur;bm;kort;verb
1008,flageolett,En slags trefløyte,obskur;bm;kort;subst
1009,snuppelig,"Snau, knapp",obskur;bm;kort;adj
1010,uheimlet,Uberettiget,obskur;bm;kort;adj
1011,geitehams,Stor stikkeveps,obskur;bm;kort;subst
1012,mankement,"Feil, lyte",obskur;bm;kort;subst
1013,elfenbeinsgul,Av gulhvit farge,obskur;bm;kort;adj
1014,lignament,"Tegn, snev, likhet",obskur;bm;kort;subst
1015,supponere,"Forutsette, anta",obskur;bm;kort;verb
1016,veitsle,"Gjestebud, gilde",obskur;bm;kort;subst
1017,heppe,"Hell, lykke",obskur;bm;kort;subst
1018,trafikabel,Farbar,obskur;bm;kort;adj
1019,gemeng,Slagsmål,obskur;bm;kort;subst
1020,polykrom,Med flere farger,obskur;bm;kort;adj
1021,guste,Blåse svakt,obskur;bm;kort;verb
1022,brotthelle,Flat bruddstein,obskur;bm;kort;subst
1023,vimre,"Skjelve, dirre",obskur;bm;kort;verb
1024,impermeabel,Ugjennomtrengelig,obskur;bm;kort;adj
1025,strant,Tynn hårtjafs,obskur;bm;kort;subst
1026,naube,Be inntrengende,obskur;bm;kort;verb
1027,greinete,Med (mange) grener,obskur;bm;kort;adj
1029,sleikete,Som smisker,obskur;bm;kort;adj
1030,kulebakterie,Kokk,obskur;bm;kort;subst
1031,ugiddelig,"Tiltaksløs, lat",obskur;bm;kort;adj
